{
    "human_p1": [
        0.13514441764421334,
        0.6537432580976761,
        0.9125625670678685,
        0.43933171781838587,
        0.3468610072059865,
        0.040799590870795786,
        2.211605170999363e-05,
        0.823299706168717,
        0.7418324278771541,
        0.36098169915995326,
        0.7791048670821388,
        0.773391023054236,
        0.8548688596790839,
        0.11030510525342427,
        0.6793568159745611,
        0.5897413919069364,
        0.13232519316853797,
        0.46532412833711,
        0.726404495799268,
        0.9110507412285406,
        0.0020911800343576224,
        0.7528351139322036,
        0.19182108248958002,
        0.8998579036875226,
        0.7008557748850146
    ],
    "human_p2": [
        0.005649150855950456,
        0.19866769315428195,
        0.23238083153586037,
        0.8998579036875226,
        0.17660257660251155,
        0.013309557465929081,
        1.0636381515411908e-11,
        0.8158148245520999,
        0.648989195343117,
        0.4850449990808953,
        0.05191974258502929,
        0.3210864061254078,
        0.726404495799268,
        0.5744497956351147,
        0.20451480747353112,
        0.22758874319543018,
        0.21825427777761044,
        0.46985624962772554,
        1.0,
        0.9898059019323168,
        0.04447841136431071,
        0.7418324278771541,
        0.8998579036875226,
        0.6426103554212942,
        0.5649807938805371
    ],
    "human_p3": [
        0.0025465431577620045,
        0.21629436917726172,
        0.8752001748265744,
        0.7662552957053717,
        0.6664266637207159,
        0.31068858499945196,
        2.4706617239400786e-05,
        1.0,
        0.6726752453439697,
        0.4222336342920054,
        0.6793568159745611,
        0.9808503867528889,
        0.4732115852818933,
        1.0,
        0.1358292035853921,
        0.8736608859633721,
        0.13564349807248854,
        0.6932225887404356,
        0.006912565286640575,
        0.6388785210598855,
        0.3030146913234288,
        0.9222216142596568,
        0.09857661782033635,
        0.20451480747353112,
        0.7418324278771541
    ],
    "gemini_1.5_flash_p1": [
        0.0022978938233465074,
        0.39282138333485467,
        0.48013799321461165,
        0.041228585514803885,
        0.00030967606227125027,
        0.6862388733383095,
        4.296857734253756e-05,
        0.9503315574138719,
        0.0004145637882334031,
        0.8319789981789814,
        0.5415101842835902,
        0.9503315574138719,
        0.7418324278771541,
        0.0455000982307081,
        0.007546296216484089,
        0.29232980240946377,
        0.6726752453439697,
        8.457442061206981e-07,
        0.241561649040618,
        2.3595583121188197e-05,
        0.6032593117657429,
        0.04623529815427839,
        0.011913750189471713,
        0.4078227283630101,
        2.744423579164275e-07
    ],
    "gemini_1.5_flash_p2": [
        5.886965624932342e-06,
        0.033246056666135546,
        0.8700557585645018,
        0.7418324278771541,
        4.4752343781172004e-07,
        0.022228204149896215,
        0.00037122673037698274,
        0.7801318052274371,
        0.024495418971887225,
        0.37134449151525256,
        0.12645755252134375,
        0.6479790593890672,
        0.0019741333773432156,
        0.9898059019323168,
        0.41866691357562946,
        0.2421703628648007,
        0.7418324278771541,
        0.3140569352963646,
        0.31068858499945196,
        0.7801318052274371,
        0.6956700223836413,
        0.31902591947402986,
        0.6288464763040814,
        0.846932193381479,
        2.197156288823661e-10
    ],
    "gemini_1.5_flash_p3": [
        2.6240077020055238e-12,
        1.5971531407348955e-06,
        1.0,
        0.20553481279473393,
        0.07561278685797017,
        0.001887372979428146,
        0.002919789559806085,
        0.726404495799268,
        0.009483720573045753,
        0.9808503867528889,
        0.05008808965993909,
        0.645262008860428,
        0.18734172908177207,
        0.8700557585645018,
        0.03417682713717122,
        0.9197602326403109,
        0.27988726263661323,
        0.20136501040415694,
        1.0,
        1.0,
        0.0025385177644624037,
        2.8980698854488934e-05,
        0.001586807420669681,
        9.528830704648345e-05,
        5.925234382956471e-17
    ],
    "gemini_2.0_flash_p1": [
        1.2336689066805245e-06,
        0.3060509853398684,
        0.030389893879992143,
        0.15148208108657576,
        0.7418324278771541,
        0.01159258833882626,
        2.052506022221285e-06,
        0.6793568159745611,
        0.6013261827792311,
        0.40341428688746805,
        0.301313922255106,
        0.6534062809196731,
        2.8251579426716383e-05,
        0.23534724078235267,
        0.7856138174671571,
        0.02660562210857342,
        0.7728335853145242,
        0.1666441280316322,
        0.01189906252654426,
        0.301313922255106,
        0.49412765129530273,
        0.005424087590830222,
        0.09157212109448867,
        0.648989195343117,
        0.0006575854048473563
    ],
    "gemini_2.0_flash_p2": [
        0.017282226006741227,
        0.6793568159745611,
        0.02964807868560788,
        0.0013164824550459559,
        1.0,
        0.012069090557625789,
        1.3932569007092803e-05,
        0.5725230940137753,
        0.00013651603832047333,
        0.31890372483217,
        0.8700557585645018,
        0.9022575743064142,
        0.004161466043806865,
        0.0011002045469377466,
        0.301313922255106,
        0.15148208108657576,
        0.2188984109161065,
        0.050108403321516504,
        0.010020229560570556,
        0.5016854046060198,
        0.6581486113445694,
        0.042704240964017995,
        0.035633725278721,
        0.6862388733383095,
        8.078716653508114e-06
    ],
    "gemini_2.0_flash_p3": [
        9.523219546684247e-05,
        0.01661006513159509,
        0.8658832059794429,
        0.893853478120672,
        0.31772013650082526,
        0.8656314485841047,
        0.31902591947402986,
        0.46928929879424525,
        0.23932516163103634,
        0.7644492307805044,
        0.6297114362943707,
        0.29939758421779994,
        0.0036008191127266014,
        0.7788181268018592,
        0.8498871168315366,
        0.7791048670821388,
        0.29559509586667065,
        0.06819292269387035,
        0.12635323149606095,
        0.7979074683220218,
        0.05558336410693475,
        0.03152625473097225,
        0.0065591567055418845,
        0.03534713397717006,
        2.552706846537862e-10
    ],
    "gpt_4o_p1": [
        4.45802623613142e-06,
        0.3140569352963646,
        0.15061786249017914,
        0.8319789981789814,
        4.410510794599564e-05,
        0.011583018488504094,
        0.000502876060763683,
        0.6793568159745611,
        0.034201391798676956,
        0.5851511325621696,
        0.4850449990808953,
        0.06144542580534072,
        9.798151502453801e-06,
        0.7076085292849268,
        0.8009429728366044,
        0.120490055661411,
        0.0017180313808296845,
        0.47798961834685977,
        0.4506415805487801,
        0.8658832059794429,
        0.20451480747353112,
        0.0043818255947574965,
        0.0019509672747625177,
        1.0,
        2.921857395099747e-28
    ],