{
    "human_p1": [
        0.161424592556994,
        0.6897621703895591,
        0.9224331897350976,
        0.4762629881256751,
        0.38020766075475193,
        0.05065276164518142,
        3.574311387473718e-05,
        0.8404898145938952,
        0.7675132013439224,
        0.39461383248147464,
        0.7993096384997718,
        0.7960831117537591,
        0.873814392978168,
        0.13158673410339705,
        0.710129075931597,
        0.6272016551457803,
        0.1577951938738177,
        0.5040137378056601,
        0.7568998823640818,
        0.9215604519142003,
        0.002759047542776911,
        0.7775555108332219,
        0.2220855788758792,
        0.9111928085536521,
        0.7327855886225118
    ],
    "human_p2": [
        0.007119049374121713,
        0.22950059982664417,
        0.26316167270149765,
        0.9111928085536521,
        0.2068360027258603,
        0.016577132437020043,
        2.5785167310089475e-11,
        0.8335055546925123,
        0.6861607376671317,
        0.5209349053047221,
        0.06261193447174218,
        0.35292573725229137,
        0.7568998823640818,
        0.6123011387583587,
        0.23364598811997966,
        0.25817689897738777,
        0.2480162247472846,
        0.5076688241134143,
        0.9998550943564917,
        0.9916088270724485,
        0.0546352780286717,
        0.7675132013439224,
        0.9119298305277945,
        0.681921101258552,
        0.601897152571595
    ],
    "human_p3": [
        0.003289792596151872,
        0.24622254628163512,
        0.8878842353313073,
        0.7900686319355414,
        0.7010047203951285,
        0.3449202975486166,
        3.9412880994908984e-05,
        0.9998550943564917,
        0.7060440227101946,
        0.4583068159331991,
        0.710129075931597,
        0.9846169046417472,
        0.5106705110184934,
        0.9998550943564917,
        0.16152324944268392,
        0.8869751330803263,
        0.16152324944268392,
        0.7225595948470058,
        0.008760614459846099,
        0.6786901582232208,
        0.3367551779645024,
        0.9302286456398479,
        0.11776344203478409,
        0.23364598811997966,
        0.7675132013439224
    ],
    "gemini_1.5_flash_p1": [
        0.0030034076778671466,
        0.42899619785683657,
        0.5168949687717111,
        0.05106836515879269,
        0.00043721482620940987,
        0.7159564632186409,
        6.701872580164058e-05,
        0.9565884884072273,
        0.0005780588615024395,
        0.8473648589893955,
        0.5782052194390518,
        0.9565884884072273,
        0.7675132013439224,
        0.05544089104186725,
        0.009528151788490013,
        0.32743772266509524,
        0.7060440227101946,
        1.5294494441087892e-06,
        0.27220286324053194,
        3.769386631678616e-05,
        0.6401693483056548,
        0.056188730395824435,
        0.014938871710936318,
        0.4455339989919736,
        5.31327797312949e-07
    ],
    "gemini_1.5_flash_p2": [
        9.811609374887237e-06,
        0.041460700038187685,
        0.8839686565502051,
        0.7675132013439224,
        8.300460837155727e-07,
        0.02801990463505298,
        0.0005246872602569295,
        0.8002481344794903,
        0.03077768828692408,
        0.4048584541882365,
        0.15054470538255207,
        0.6854323944716003,
        0.002583232380821012,
        0.9916088270724485,
        0.45678175950203037,
        0.2724416582229008,
        0.7675132013439224,
        0.3476484685721485,
        0.3438513089167398,
        0.8002481344794903,
        0.7244298889759879,
        0.3511496056175624,
        0.6676802003917303,
        0.86192898468451,
        5.305633083807136e-10
    ],
    "gemini_1.5_flash_p3": [
        6.957596179560101e-12,
        2.8002035584313103e-06,
        0.9998550943564917,
        0.2343905223279727,
        0.09060355723721916,
        0.0024938860721830684,
        0.0037557267854197588,
        0.7568998823640818,
        0.012017937916256325,
        0.9846169046417472,
        0.06058145482520416,
        0.6840039951454672,
        0.2181002838137391,
        0.8839686565502051,
        0.04239841958513672,
        0.9283964789561824,
        0.3138961427371405,
        0.23174148407168252,
        0.9998550943564917,
        0.9998550943564917,
        0.003289792596151872,
        4.5702400790938026e-05,
        0.002140372167569969,
        0.00014310976470298552,
        1.4463955985331452e-16
    ],
    "gemini_2.0_flash_p1": [
        2.1807278653443616e-06,
        0.33962123853335807,
        0.03818835871163034,
        0.1788892668803145,
        0.7675132013439224,
        0.014637106488416993,
        3.529342422171384e-06,
        0.710129075931597,
        0.6388174355543905,
        0.44130024199092804,
        0.3353702279875157,
        0.6897621703895591,
        4.5034872507865446e-05,
        0.2669828838712004,
        0.8052191533754284,
        0.03364713939683955,
        0.7960831117537591,
        0.19597419919153364,
        0.014938871710936318,
        0.3353702279875157,
        0.5294437891157565,
        0.006888881298514319,
        0.10920624412050457,
        0.6861607376671317,
        0.0008798860198665925
    ],
    "gemini_2.0_flash_p2": [
        0.021711887470590302,
        0.710129075931597,
        0.037374547676402664,
        0.0017853531236594051,
        0.9998550943564917,
        0.015082455825056832,
        2.254926802112127e-05,
        0.6109343238798097,
        0.00020247980800731322,
        0.3511496056175624,
        0.8839686565502051,
        0.9133186617234487,
        0.00531806572785236,
        0.0014853188813553494,
        0.3353702279875157,
        0.1788892668803145,
        0.2483140787006444,
        0.06058145482520416,
        0.0126518050007204,
        0.5369167990612767,
        0.6929964319211771,
        0.05274733320654396,
        0.043992253430519754,
        0.7159564632186409,
        1.3260519759546146e-05
    ],
    "gemini_2.0_flash_p3": [
        0.00014310976470298552,
        0.020831314177006826,
        0.8817037101885147,
        0.9061441591563127,
        0.3511496056175624,
        0.8817037101885147,
        0.3511496056175624,
        0.5076688241134143,
        0.27057990124413434,
        0.7888765614843493,
        0.6696759699871523,
        0.33529373726631084,
        0.004592881521334951,
        0.7993096384997718,
        0.8656618476463003,
        0.7993096384997718,
        0.3315552524247372,
        0.08176855570858425,
        0.15054470538255207,
        0.8171611277708697,
        0.06686164294190042,
        0.039680504344041675,
        0.008250511579297968,
        0.04356442337756147,
        5.694169312563412e-10
    ],
    "gpt_4o_p1": [
        7.643346417609692e-06,
        0.3476484685721485,
        0.1786277860521154,
        0.8473648589893955,
        6.811103499818675e-05,
        0.014637106488416993,
        0.0006847104430955143,
        0.710129075931597,
        0.04239841958513672,
        0.6230110338499757,
        0.5209349053047221,
        0.07404192554334833,
        1.5881429496577693e-05,
        0.7407142927864842,
        0.8196129722034251,
        0.14443092594626367,
        0.0022931876295345715,
        0.5152019167941639,
        0.48933302938377643,
        0.8817037101885147,
        0.23364598811997966,
        0.0055768689387822685,
        0.0025652739332039376,
        0.9998550943564917,
        4.743274992045043e-28
    ],