{
    "file": "all_pvals.json",
    "alpha": 0.05,
    "n_tests": 375,
    "n_significant": 135,
    "effective_fdr_threshold_raw": 0.01583721123498711,
    "min_adjusted_p_among_significant": 2.9877526961616557e-69,
    "max_adjusted_p_among_significant": 0.043992253430519754
}