{
    "human_p1": [
        0.07016588956477339,
        0.50582559161901,
        0.8683171092706385,
        0.30353827776543024,
        0.22880561849914322,
        0.01837006822331913,
        4.289173664968462e-06,
        0.735148424498127,
        0.629840089057504,
        0.23992521014873658,
        0.6794468441985332,
        0.6687098138731576,
        0.7806075243938301,
        0.05509097934462223,
        0.5413134668373549,
        0.43485981423440767,
        0.06816752375348925,
        0.3252568654639193,
        0.6075383055775696,
        0.8650380775301294,
        0.0006548139501523869,
        0.6448527036510188,
        0.1061797507114039,
        0.8455869263377892,
        0.5705957116740624
    ],
    "human_p2": [
        0.001974349693089755,
        0.11077228951632692,
        0.13614230534424143,
        0.8453011230110538,
        0.09597190526479919,
        0.005216271006848973,
        1.031406692403579e-12,
        0.7268168436918707,
        0.49952501702167185,
        0.34532142802055743,
        0.024543878312922936,
        0.2108143070520354,
        0.6068830741648781,
        0.42126318346575076,
        0.1161151726429299,
        0.13287504400702893,
        0.12566155387195754,
        0.33032318155646156,
        0.9877988058446274,
        0.9640691133069463,
        0.020397170464037436,
        0.6286273122105925,
        0.8487026956112007,
        0.48552782409608897,
        0.41089512282220886
    ],
    "human_p3": [
        0.0008334141243584742,
        0.1240961633259441,
        0.8168534965048028,
        0.6594439514555319,
        0.5196781660529219,
        0.1995938788481328,
        4.939747751361926e-06,
        0.987935466618244,
        0.5272686771585056,
        0.29087205917893705,
        0.542530937379047,
        0.9521010493324231,
        0.333638067198749,
        0.9998550943564917,
        0.07107022975478093,
        0.8136518554123526,
        0.07069903535899404,
        0.5587794200150178,
        0.0024996953258760867,
        0.48141755223300464,
        0.19037892727593203,
        0.8830970609274289,
        0.04898959188647018,
        0.11605630183054791,
        0.6229460418325201
    ],
    "gemini_1.5_flash_p1": [
        0.0007288269298290943,
        0.2642616578798113,
        0.3404614860976337,
        0.0186569760713456,
        7.694980941285613e-05,
        0.5509974441393297,
        9.11454670902312e-06,
        0.9153273758720483,
        0.0001063119834828194,
        0.7479407155346398,
        0.39163766863338445,
        0.9157740462351857,
        0.6313073334282895,
        0.02114145978396538,
        0.0027441077150851235,
        0.17899928839025206,
        0.5269419968408602,
        1.264344873796599e-07,
        0.1444489860929756,
        4.623780934859102e-06,
        0.4472649846828841,
        0.021576472471996583,
        0.004621090982582968,
        0.2768251247070129,
        3.825560140653232e-08
    ],
    "gemini_1.5_flash_p2": [
        1.0465716666546387e-06,
        0.01436206955086777,
        0.8079354471341728,
        0.6269402424399991,
        6.419023047400429e-08,
        0.009115808974603902,
        9.374412383257141e-05,
        0.6845605972398077,
        0.010095081758111099,
        0.2483131852354517,
        0.06463386017757569,
        0.4935113240195522,
        0.0006061985320326641,
        0.9674099068565107,
        0.28503181792926696,
        0.1453022177188804,
        0.632430877907392,
        0.20294644314302568,
        0.19714141711226418,
        0.6871463981397223,
        0.5621575938453667,
        0.2084175502286971,
        0.4700468610757781,
        0.7630944611073528,
        2.263736782424378e-11
    ],
    "gemini_1.5_flash_p3": [
        2.2264307774592324e-13,
        2.6135233212025563e-07,
        0.9809663171027998,
        0.11750778186042364,
        0.03696625135278542,
        0.000571931205887317,
        0.0009614660570674583,
        0.6062071014971728,
        0.0035252617887685223,
        0.9531091636932113,
        0.02347562990122398,
        0.48883485519729386,
        0.10294333396008486,
        0.8085366645245875,
        0.014844480473720834,
        0.8784083882878605,
        0.17075950164900444,
        0.11308984422698107,
        0.9959321104774707,
        0.9994369494784212,
        0.0008205309945737064,
        5.971780370015901e-06,
        0.0004680280473086332,
        2.17526842348538e-05,
        3.4713494364795485e-18
    ],
    "gemini_2.0_flash_p1": [
        1.9190405215030383e-07,
        0.19290486348694735,
        0.012831288527107793,
        0.08106718360856369,
        0.6319528273416294,
        0.004449680372478766,
        3.482284523209099e-07,
        0.5383091363191521,
        0.44461693514585576,
        0.2730177497117208,
        0.1887016482809755,
        0.5042448470935659,
        5.7644636810067774e-06,
        0.1388310996130242,
        0.6935620974407023,
        0.011125987427221611,
        0.6666665473319229,
        0.0898868326958501,
        0.00459135543953526,
        0.1883044586192809,
        0.3543743761814797,
        0.0018737757131958948,
        0.04513858090314189,
        0.4984576792888783,
        0.000180669929412607
    ],
    "gemini_2.0_flash_p2": [
        0.006947803990588897,
        0.5407101077944783,
        0.012458182558800887,
        0.0003856362747104315,
        0.9948931250319316,
        0.004705726217417732,
        2.6457807811448958e-06,
        0.4186936566322963,
        3.192016187940321e-05,
        0.20744848362819945,
        0.8072749229642434,
        0.8539052260752648,
        0.0014039693521530232,
        0.0003089463273219127,
        0.18774566681073507,
        0.08109646765240924,
        0.12647463741819487,
        0.023586379745279485,
        0.003744934280213238,
        0.36080808896917793,
        0.5118933643791095,
        0.01941101862000818,
        0.01583721123498711,
        0.5517637809871659,
        1.4851782130691683e-06
    ],
    "gemini_2.0_flash_p3": [
        2.1527943117146126e-05,
        0.0066104703655035,
        0.7983415456341748,
        0.8360690108482245,
        0.20603669457932303,
        0.7956814325369044,
        0.20881696547391046,
        0.3289765387507133,
        0.1420694098391742,
        0.6563452991549785,
        0.4732376854575876,
        0.1850821429710036,
        0.0012002730375755338,
        0.6749757098949447,
        0.7687077207099147,
        0.6799460658171392,
        0.18213435199865566,
        0.03292547176532326,
        0.06432528148890375,
        0.7060272143940314,
        0.0263880617477367,
        0.01343846413784878,
        0.0023321446064148922,
        0.015567020620248633,
        2.7332012700304376e-11
    ],
    "gpt_4o_p1": [
        7.745257703177821e-07,
        0.2030267056461347,
        0.07986329792212611,
        0.7466698637395985,
        9.444730186415228e-06,
        0.004399207021896504,
        0.0001351161941041815,
        0.5434854527796489,
        0.014924243693968125,
        0.43029295404571655,
        0.34590077712233547,
        0.029419325082557072,
        1.821070582274242e-06,
        0.5846704817727981,
        0.7103312425763018,
        0.06085356346535909,
        0.000513674029015744,
        0.3379724574169716,
        0.3131731388056169,
        0.7994113639042533,
        0.11651146607582985,
        0.0014871650503419382,
        0.0005951435525033135,
        0.9949384880144707,
        8.854113318484082e-30
    ],