{
    "p1_gemini_1.5_flash_correlations": [
        0.00021311835774194361,
        0.8566371105543461,
        0.9261016025345608,
        0.3306653632556334,
        0.32094612790492777,
        0.23339031405274613,
        4.9840091866875605e-06,
        0.6207226356241042,
        0.3650910423304053,
        0.13437895996141055,
        0.6134266998585064,
        0.17201112713767963,
        0.7739411580458481,
        2.4759775805142765e-07,
        0.004433813068222591,
        0.017982127877943538,
        8.900651197809485e-06,
        0.015456702431303425,
        0.6876961307957251,
        0.6629862183220311,
        0.002520299317225849,
        0.6574211898194502,
        0.0012500417977198415,
        2.1112139470010665e-06,
        4.7460477522076213e-07
    ],
    "p2_gemini_1.5_flash_correlations": [
        1.7669000542953848e-07,
        0.08656238313614845,
        0.060506454188457154,
        0.12788122775609487,
        0.895060501767968,
        0.005517703931860329,
        0.00028428735401355733,
        0.16515068714750875,
        0.9698405251012675,
        0.8748071341490564,
        0.4206668757990423,
        0.13498021935526555,
        0.0006239703688128173,
        0.4877440761344533,
        0.3962623832927731,
        0.46096220652714326,
        0.000710131050449568,
        0.31259192967834903,
        0.22344796026839503,
        0.5909920141033971,
        5.743169296782e-05,
        0.10606800391718069,
        0.11556207500675632,
        0.527927399640408,
        4.404155521544277e-11
    ],
    "p3_gemini_1.5_flash_correlations": [
        3.4240416353589227e-18,
        0.0034458162947708553,
        0.04383062527835746,
        0.5820630698488378,
        0.00154331552356052,
        9.40177783234026e-13,
        0.013584325767054475,
        0.6516965331923447,
        0.11514027853211135,
        0.00027909621861778967,
        0.471507960224092,
        0.41019820298251747,
        0.05365911277897907,
        0.0694279508823314,
        0.01051419030919935,
        0.5594648615634804,
        0.0002765920838333034,
        0.5439501688896445,
        0.5617921774891412,
        0.0019167500324588744,
        0.8211899206783746,
        0.8502006733363372,
        0.015797766695477836,
        0.7308583900220329,
        4.1766199845635905e-13
    ],
    "p1_gemini_2.0_flash_correlations": [
        2.3381158047945428e-07,
        0.21562288331273594,
        0.7571359922188428,
        0.005675270934600347,
        0.09074167090890052,
        0.7488708455459957,
        1.5838400237430707e-06,
        0.6385752993104646,
        0.05616473458629499,
        0.00417618613550562,
        0.1887897127815027,
        0.35396927387474236,
        7.792479219011292e-08,
        0.30008621026195603,
        0.02449024926856051,
        0.06038527538404098,
        0.11068956274161551,
        0.0019640979416515564,
        0.06502152033263034,
        0.8620964148088881,
        0.2899976358609807,
        0.04411386434817358,
        0.7566400961793457,
        0.11750137184392231,
        0.0033723045301589497
    ],
    "p2_gemini_2.0_flash_correlations": [
        0.0006968369677785133,
        0.0838022942451711,
        0.3483682898233854,
        0.04043950252568055,
        0.7476144930563942,
        0.19550461026890098,
        6.8136378229908435e-06,
        0.8369326110168597,
        0.022387219301588657,
        0.2253166860876131,
        0.41853222017935027,
        0.41829652587989347,
        1.8589113459754993e-06,
        0.10601619410237817,
        0.01476923697718843,
        0.0008897796748763116,
        4.089818902746627e-06,
        1.7502453282967866e-07,
        0.04001761996685476,
        0.7831244380694233,
        0.37407065764030156,
        0.08650883505708243,
        0.1276319943947698,
        0.5860579953306213,
        6.779328295245312e-06
    ],
    "p3_gemini_2.0_flash_correlations": [
        1.0285300247282202e-07,
        0.7661167929611196,
        0.07265056617373472,
        0.9654861764042769,
        0.03397005582851257,
        5.6386266954436345e-05,
        0.2590016127215236,
        0.045344980399156985,
        0.10252978270015413,
        0.06304523547647942,
        0.5433117743154869,
        0.11201417593994452,
        0.00010540909355823445,
        0.10872082659784499,
        0.007390275919501583,
        0.4886395467888336,
        0.033148909590399483,
        0.062073989531731065,
        0.21289644920308198,
        0.11894492745883668,
        0.9255636416515228,
        0.7805060823411609,
        0.43726225418824316,
        0.6092575200407016,
        1.7545021339902466e-09
    ]
}