{"gemini_2.0_flash_p1": [1.9190405215030383e-07, 0.19290486348694735, 0.012831288527107793, 0.08106718360856369, 0.6319528273416294, 0.004449680372478766, 3.482284523209099e-07, 0.5383091363191521, 0.44461693514585576, 0.2730177497117208, 0.1887016482809755, 0.5042448470935659, 5.7644636810067774e-06, 0.1388310996130242, 0.6935620974407023, 0.011125987427221611, 0.6666665473319229, 0.0898868326958501, 0.00459135543953526, 0.1883044586192809, 0.3543743761814797, 0.0018737757131958948, 0.04513858090314189, 0.4984576792888783, 0.000180669929412607], "gemini_2.0_flash_p2": [0.006947803990588897, 0.5407101077944783, 0.012458182558800887, 0.0003856362747104315, 0.9948931250319316, 0.004705726217417732, 2.6457807811448958e-06, 0.4186936566322963, 3.192016187940321e-05, 0.20744848362819945, 0.8072749229642434, 0.8539052260752648, 0.0014039693521530232, 0.0003089463273219127, 0.18774566681073507, 0.08109646765240924, 0.12647463741819487, 0.023586379745279485, 0.003744934280213238, 0.36080808896917793, 0.5118933643791095, 0.01941101862000818, 0.01583721123498711, 0.5517637809871659, 1.4851782130691683e-06], "gemini_2.0_flash_p3": [2.1527943117146126e-05, 0.0066104703655035, 0.7983415456341748, 0.8360690108482245, 0.20603669457932303, 0.7956814325369044, 0.20881696547391046, 0.3289765387507133, 0.1420694098391742, 0.6563452991549785, 0.4732376854575876, 0.1850821429710036, 0.0012002730375755338, 0.6749757098949447, 0.7687077207099147, 0.6799460658171392, 0.18213435199865566, 0.03292547176532326, 0.06432528148890375, 0.7060272143940314, 0.0263880617477367, 0.01343846413784878, 0.0023321446064148922, 0.015567020620248633, 2.7332012700304376e-11]}