{"gemini_1.5_flash_p1": [0.0007288269298290943, 0.2642616578798113, 0.3404614860976337, 0.0186569760713456, 7.694980941285613e-05, 0.5509974441393297, 9.11454670902312e-06, 0.9153273758720483, 0.0001063119834828194, 0.7479407155346398, 0.39163766863338445, 0.9157740462351857, 0.6313073334282895, 0.02114145978396538, 0.0027441077150851235, 0.17899928839025206, 0.5269419968408602, 1.264344873796599e-07, 0.1444489860929756, 4.623780934859102e-06, 0.4472649846828841, 0.021576472471996583, 0.004621090982582968, 0.2768251247070129, 3.825560140653232e-08], "gemini_1.5_flash_p2": [1.0465716666546387e-06, 0.01436206955086777, 0.8079354471341728, 0.6269402424399991, 6.419023047400429e-08, 0.009115808974603902, 9.374412383257141e-05, 0.6845605972398077, 0.010095081758111099, 0.2483131852354517, 0.06463386017757569, 0.4935113240195522, 0.0006061985320326641, 0.9674099068565107, 0.28503181792926696, 0.1453022177188804, 0.632430877907392, 0.20294644314302568, 0.19714141711226418, 0.6871463981397223, 0.5621575938453667, 0.2084175502286971, 0.4700468610757781, 0.7630944611073528, 2.263736782424378e-11], "gemini_1.5_flash_p3": [2.2264307774592324e-13, 2.6135233212025563e-07, 0.9809663171027998, 0.11750778186042364, 0.03696625135278542, 0.000571931205887317, 0.0009614660570674583, 0.6062071014971728, 0.0035252617887685223, 0.9531091636932113, 0.02347562990122398, 0.48883485519729386, 0.10294333396008486, 0.8085366645245875, 0.014844480473720834, 0.8784083882878605, 0.17075950164900444, 0.11308984422698107, 0.9959321104774707, 0.9994369494784212, 0.0008205309945737064, 5.971780370015901e-06, 0.0004680280473086332, 2.17526842348538e-05, 3.4713494364795485e-18]}