{
    "gpt_5_latest_p1": [
        7.185194196241366e-16,
        0.49111169724185355,
        5.964205817307455e-05,
        0.7933824261987794,
        4.318244625176848e-13,
        0.02004883339101633,
        1.916658703074025e-08,
        0.08865464997637584,
        0.00011854476911212191,
        0.015322824466224955,
        0.37292183396919254,
        0.1123441519174944,
        2.587543034529573e-08,
        0.0009883221702304734,
        0.854866267373148,
        0.039191775397328085,
        0.004427680405603243,
        0.03357379063558872,
        1.0341218904836272e-05,
        0.4028315891818923,
        8.325829298349801e-09,
        7.108496810947984e-08,
        2.9866668517954073e-11,
        0.0005551923262377842,
        7.967340523097748e-72
    ],
    "gpt_5_latest_p2": [
        1.0397575608030896e-15,
        0.7424933051976743,
        0.22913848354819716,
        0.3150169566738659,
        7.828445043261157e-13,
        0.0031563667717489966,
        4.161704839259157e-08,
        0.1622393057653044,
        0.00014814094103051282,
        0.0003243950587077087,
        0.5933688810506788,
        0.5881202741752365,
        3.091324994745854e-07,
        0.0007847708654028063,
        0.28765253352738923,
        0.1576980040254163,
        0.5080885525752392,
        0.5735056980743174,
        0.00010636283051644886,
        0.09320568387148268,
        0.0001224260492159381,
        7.117722670717721e-06,
        2.5213516760443654e-07,
        0.0006691287769986473,
        4.239979349891508e-57
    ],
    "gpt_5_latest_p3": [
        7.245073794323215e-58,
        0.064190614127551,
        0.18607552371685937,
        0.5290623210175058,
        7.875505719308895e-09,
        0.0003651756457386224,
        5.9871152158462143e-05,
        0.14214464145358524,
        3.239676928117012e-05,
        0.021118987024841586,
        0.78297984448677,
        0.6261884579691683,
        0.09658172657993964,
        0.000491953010769983,
        0.7729001423873447,
        0.4546201403539326,
        0.014373042679905064,
        3.199163726297961e-05,
        1.1325671730787733e-05,
        0.23977511637100746,
        2.6114486786490066e-11,
        1.193578197592045e-06,
        1.8271731353154373e-07,
        0.0022285288813292258,
        1.8291495115589324e-42
    ]
}