{
    "p1_gpt_4o_correlations": [
        1.1709074861403215e-06,
        0.03373649382125894,
        0.46798121416984606,
        0.0004736198049100558,
        0.19631246687617848,
        0.07995467846766717,
        0.0023902504034347904,
        0.08981646617972248,
        1.0545380604119798e-05,
        0.37575197022556917,
        0.37531944551607505,
        0.6847884018913242,
        9.443025313717983e-07,
        0.052030939288666506,
        0.0003032499025500238,
        0.8976608553897625,
        0.0022114556362208765,
        0.13129966417834962,
        0.09495565620897133,
        0.6733497188919162,
        0.0007658981147907262,
        0.6942115772888234,
        0.36153661432591566,
        0.2991782637209449,
        7.082645814865524e-26
    ],
    "p2_gpt_4o_correlations": [
        5.39984921049697e-11,
        0.0004722980591000167,
        0.06149499089524845,
        0.09435952242237582,
        0.5383524792210352,
        0.023761345459952232,
        0.009542253841693276,
        0.03389079627730828,
        0.11651096094302921,
        0.18504094531935625,
        0.7506440210769828,
        0.5178023654768988,
        3.917292188019086e-06,
        0.05808168421348965,
        0.0002743359779318485,
        0.3012977450533034,
        0.0003208075322659597,
        0.05543821863442372,
        0.36861886478603056,
        0.5352145938522919,
        3.574128305360993e-05,
        0.03399669001473044,
        0.0906950424412638,
        0.0454643075708209,
        3.348593645464608e-22
    ],
    "p3_gpt_4o_correlations": [
        6.465169899971623e-41,
        0.021039899406149747,
        0.387324837541234,
        0.2797752998636606,
        0.0017390962047269397,
        0.00010905552820122848,
        0.1230311234448669,
        0.06291346506632547,
        0.03566361313448835,
        0.13465668036838555,
        0.6703737780026338,
        0.16931835212499471,
        0.18164004374407774,
        1.1928396671734449e-06,
        0.000359695603215518,
        0.22751441651490756,
        0.0009343304396172557,
        0.5375920772867525,
        0.7131183307367037,
        0.4765944596672351,
        0.00496580306516458,
        0.0003458463856766582,
        0.3157429642083058,
        0.525178787907265,
        2.7479250856410493e-26
    ]
}