{
    "gpt_4o_p1": [
        7.745257703177821e-07,
        0.2030267056461347,
        0.07986329792212611,
        0.7466698637395985,
        9.444730186415228e-06,
        0.004399207021896504,
        0.0001351161941041815,
        0.5434854527796489,
        0.014924243693968125,
        0.43029295404571655,
        0.34590077712233547,
        0.029419325082557072,
        1.821070582274242e-06,
        0.5846704817727981,
        0.7103312425763018,
        0.06085356346535909,
        0.000513674029015744,
        0.3379724574169716,
        0.3131731388056169,
        0.7994113639042533,
        0.11651146607582985,
        0.0014871650503419382,
        0.0005951435525033135,
        0.9949384880144707,
        8.854113318484082e-30
    ],
    "gpt_4o_p2": [
        4.443144298595426e-11,
        0.10373765009865903,
        0.0800252481513477,
        0.28944439885997525,
        1.1223321448239134e-08,
        4.7957879943904385e-05,
        2.1547486651083552e-05,
        0.5808466423660384,
        0.008677592366223166,
        0.014159046661638695,
        0.49943840127450645,
        0.2462397639173753,
        4.5119625382069114e-05,
        0.9282698116375434,
        0.19699694574830098,
        0.3527902730540379,
        0.5335977114568533,
        0.10660107786042201,
        0.9678102152227097,
        0.10006198391977633,
        0.6770838907813694,
        0.00016818608917278539,
        0.0008294214866199149,
        0.720209483459971,
        5.101697438689879e-26
    ],
    "gpt_4o_p3": [
        2.6492061553222183e-41,
        0.19922632300262244,
        0.11493920803290836,
        0.9849403460119077,
        2.42634236379193e-09,
        0.021117143171947714,
        0.0019284059728832063,
        0.643181175643751,
        0.03035967113656253,
        0.00013215084542346223,
        0.9393138272934427,
        0.1440251862164205,
        0.2900776665461584,
        0.8788820000785194,
        0.5766708717515574,
        0.9082384419846319,
        0.15124884549753834,
        8.474146418277714e-07,
        0.13146937900420547,
        0.6856932685210881,
        5.872817745177518e-05,
        0.001516133697770114,
        0.00011518570745430956,
        0.07231903749283075,
        2.902325360101129e-32
    ]
}