{
    "p1_gpt_5_latest_correlations": [
        5.130289513373621e-12,
        0.23081935190547792,
        0.8865750588453931,
        0.012160360068964666,
        0.0008414055463312154,
        0.21504554964502579,
        1.561310593202492e-06,
        0.10711014521303122,
        0.0001404054445322863,
        0.08771196112415397,
        0.009234794814689223,
        0.6941102996659699,
        4.167468785584991e-12,
        0.33445970739042663,
        3.7417890473071105e-06,
        0.6757830388103874,
        3.514777095217492e-05,
        4.5809420178468126e-08,
        0.0002264941810408642,
        0.19716522372250667,
        2.808213824598107e-08,
        0.12087450243944586,
        0.6406173724741006,
        0.8488344267511087,
        3.877644861647729e-53
    ],
    "p2_gpt_5_latest_correlations": [
        2.288225370134389e-13,
        0.038729438108532126,
        0.06653233628437633,
        0.24205056198677674,
        0.028798658236287963,
        0.27335544113901666,
        4.713867173939011e-05,
        0.443372848807624,
        0.09062391786926224,
        0.20871883097709876,
        0.7590768390601419,
        0.9840690680248807,
        6.966449338287505e-12,
        0.05382103960131542,
        0.00022897163029172535,
        0.19372925014749087,
        1.2175823795914535e-05,
        3.7323969126717595e-08,
        4.581220369917437e-05,
        0.062106197216599004,
        2.3176668962260576e-08,
        0.004783216784735681,
        0.5709053221841548,
        0.08108157440351048,
        1.0336325958102158e-46
    ],
    "p3_gpt_5_latest_correlations": [
        3.1769900617267075e-61,
        0.001651839573038696,
        0.6204856401630449,
        0.12165269085084775,
        1.5172993998983816e-07,
        5.716707284222663e-07,
        0.008363176498799989,
        0.46249535112864226,
        0.0003362017571069816,
        0.0020260664380844203,
        0.0023462080629852535,
        0.7948644939846446,
        0.7166524055925853,
        0.0035830360227432803,
        1.2277307706652406e-05,
        0.005347298109045408,
        1.8601627596230824e-06,
        0.0013335035284793772,
        0.0038555532468194254,
        0.2871672139525985,
        0.07029257121473681,
        0.03682997930865497,
        0.9542232097049653,
        0.13302942757643096,
        1.475153698527703e-28
    ]
}