{
    "p1_human_correlatins_analysis": [
        0.0864456506019878,
        0.25042480740774425,
        0.2797301756635185,
        0.8673448623756987,
        0.00029123061743754116,
        0.6580130575705826,
        0.00010428120606822253,
        0.45730655633292994,
        0.07572331238547907,
        0.4901021338804307,
        0.6546700007333333,
        0.6227145289648472,
        0.24063081020859806,
        0.3686519913868613,
        0.03654956865449424,
        0.19129480820400374,
        0.19448323327610956,
        0.019137607389717187,
        0.7079791091202776,
        0.3104719321435699,
        0.2837574168842986,
        0.753256229707596,
        0.3231892954434699,
        0.8736217826356257,
        0.8125302805481548
    ],
    "p2_human_correlatins_analysis": [
        0.005810794378388137,
        0.5856534350786909,
        0.022689136600129965,
        0.3469207042438947,
        0.009052933131029168,
        0.34086484618948876,
        3.445457376061645e-11,
        0.8277959507478582,
        0.22549160132334667,
        0.6119496170295101,
        0.047163203656279296,
        0.7655858277820955,
        0.9757357817251591,
        0.32726950530347065,
        0.4441465142878467,
        0.2061674979667579,
        0.18982882199159593,
        0.21064713407818517,
        0.9289892809244679,
        0.17778405510897527,
        0.09173000701086186,
        0.5853294616042098,
        0.0901761659377214,
        0.8815335356142033,
        0.26085900754311897
    ],
    "p3_human_correlatins_analysis": [
        0.002038391803940111,
        0.9896374968752137,
        0.3037932625729197,
        0.20179867954577035,
        0.20337730948821153,
        0.5179403071381399,
        1.6731132113541044e-05,
        0.4811141566455939,
        0.08308314819210105,
        0.7067232672530457,
        0.4417476502999983,
        0.9460263104527387,
        0.26521731420642736,
        0.4317937556804597,
        0.09516374344439864,
        0.24369681155657144,
        0.25878094640783733,
        0.5087551249233009,
        0.002534916576761956,
        0.4660837392535604,
        0.5796349438045125,
        0.9508128979927002,
        0.05104112201028344,
        0.9301851462354265,
        0.6044498386567979
    ]
}