{
    "human_p1": [
        0.07016588956477339,
        0.50582559161901,
        0.8683171092706385,
        0.30353827776543024,
        0.22880561849914322,
        0.01837006822331913,
        4.289173664968462e-06,
        0.735148424498127,
        0.629840089057504,
        0.23992521014873658,
        0.6794468441985332,
        0.6687098138731576,
        0.7806075243938301,
        0.05509097934462223,
        0.5413134668373549,
        0.43485981423440767,
        0.06816752375348925,
        0.3252568654639193,
        0.6075383055775696,
        0.8650380775301294,
        0.0006548139501523869,
        0.6448527036510188,
        0.1061797507114039,
        0.8455869263377892,
        0.5705957116740624
    ],
    "human_p2": [
        0.001974349693089755,
        0.11077228951632692,
        0.13614230534424143,
        0.8453011230110538,
        0.09597190526479919,
        0.005216271006848973,
        1.031406692403579e-12,
        0.7268168436918707,
        0.49952501702167185,
        0.34532142802055743,
        0.024543878312922936,
        0.2108143070520354,
        0.6068830741648781,
        0.42126318346575076,
        0.1161151726429299,
        0.13287504400702893,
        0.12566155387195754,
        0.33032318155646156,
        0.9877988058446274,
        0.9640691133069463,
        0.020397170464037436,
        0.6286273122105925,
        0.8487026956112007,
        0.48552782409608897,
        0.41089512282220886
    ],
    "human_p3": [
        0.0008334141243584742,
        0.1240961633259441,
        0.8168534965048028,
        0.6594439514555319,
        0.5196781660529219,
        0.1995938788481328,
        4.939747751361926e-06,
        0.987935466618244,
        0.5272686771585056,
        0.29087205917893705,
        0.542530937379047,
        0.9521010493324231,
        0.333638067198749,
        0.9998550943564917,
        0.07107022975478093,
        0.8136518554123526,
        0.07069903535899404,
        0.5587794200150178,
        0.0024996953258760867,
        0.48141755223300464,
        0.19037892727593203,
        0.8830970609274289,
        0.04898959188647018,
        0.11605630183054791,
        0.6229460418325201
    ]
}