{
    "gpt-4o-z-test": [
        6.661338147750939e-15,
        0.007885811380031749,
        0.02466968553587967,
        0.5738677233162313,
        0.13373895290349114,
        9.32020238764153e-10,
        0.0008706835985283767,
        0.006029489993657489,
        0.003917691704899751,
        0.4960986108225325,
        6.661338147750939e-16,
        0.8913525351420741,
        1.7763568394002505e-14,
        0.05098523111334896,
        0.054476194641075004
    ],
    "gpt-5-latest-z-test": [
        0.0,
        3.27424219983552e-05,
        0.00018175025486466545,
        0.4736647838839392,
        0.019078036081291883,
        0.0,
        6.67555117850327e-07,
        0.0007617544476110627,
        0.07781205060306129,
        0.003738253736060848,
        0.0,
        0.2760942046948902,
        0.0,
        0.2604801860430195,
        2.1298114164736148e-05
    ],
    "gemini-1.5-flash-z-test": [
        0.00017300620100857422,
        0.49583958875067236,
        0.16494995245971866,
        0.6687528537479837,
        0.5863510686472855,
        0.00012011136480882811,
        0.013314958683403821,
        0.06446358129521323,
        0.04066789849696173,
        0.413888621908475,
        3.12350660891525e-08,
        0.5839400685609093,
        4.903599984462659e-05,
        0.20630262666707777,
        0.07394883644758421
    ],
    "gemini-2.0-flash-z-test": [
        0.02839746055840986,
        0.0031912859377440927,
        0.016756295039343616,
        0.4736647838839392,
        0.27455075813711227,
        0.01787238362617183,
        0.0008706835985283767,
        0.6758564628134431,
        0.1395022159451642,
        0.13303501710790666,
        1.8601252240735278e-06,
        0.052332165496476124,
        0.11626194003332824,
        0.02608242546905859,
        0.0025939067005158467
    ]
}