{
    "gpt-4o-z-test": [
        0.0,
        0.0008157342472494555,
        0.016348243476474345,
        0.4715115335694531,
        0.6831513713326887,
        2.993161274389422e-13,
        0.0003262810327502308,
        0.01309188293300556,
        0.01570219620114366,
        1.0,
        0.0,
        0.002034741374762117,
        1.3988810110276972e-14,
        0.1989507738292542,
        0.0006139695131097689
    ],
    "gpt-5-latest-z-test": [
        0.0,
        8.221287808907185e-05,
        5.109398981018032e-06,
        0.459043195437266,
        0.003487740274915385,
        0.0,
        2.994006743461952e-05,
        0.00033063464751270644,
        0.16417562350538262,
        0.0023497132145073873,
        0.0,
        0.056378969250172606,
        0.0,
        0.5636600369603271,
        1.4770606959757515e-08
    ],
    "gemini-1.5-flash-z-test": [
        7.854689768382883e-06,
        0.00027175680732760554,
        0.2667733355134012,
        0.7716802391390043,
        0.49506108348593214,
        9.589730682879605e-06,
        0.002492627946345749,
        0.1989507738292542,
        0.01049634589126014,
        0.05526397192494792,
        8.170020215914064e-11,
        0.5845075168663074,
        0.007651869277987222,
        0.25252682345776556,
        0.5723970797547693
    ],
    "gemini-2.0-flash-z-test": [
        0.0015474885220112533,
        0.0013651294350720544,
        0.01082831825098518,
        0.7691907643242999,
        0.07394883644758421,
        0.0033935428952271973,
        0.006086480666602112,
        0.7801014126050916,
        0.03341209127806,
        0.02815668427341378,
        1.7477200886517608e-07,
        0.12991040709084944,
        0.5691845996589708,
        0.007680467957307924,
        0.0001244656219010487
    ]
}